title,price
Jmax Clubs,"1,999"
Jmax Clubs,"1,999"
,
,
,
,
,
,
,
,
,
,
,
,
,
,
,
,
,
,
,
,
,
,
,
,
,
,
,
,
,
,
,
,
,
,
,
,
,
,
,
,
,
,
,
,
,
,
,
,
,
,
,
,
,
,
,
,
,
,
,
,
,
,
,
,
,
,
,
,
,
,
,
,
,
,
,
,
,
,
,
,
,
,
,
,
,
,
,
,
,
,
,
,
"Motorola Edge 50 Fusion (Marshmallow Blue, 256 GB)","27,999"
"Motorola Edge 50 Fusion (Marshmallow Blue, 256 GB)","27,999"
"Motorola Edge 50 Fusion (Marshmallow Blue, 256 GB)","27,999"
,
"Motorola Edge 50 Fusion (Marshmallow Blue, 256 GB)","27,999"
,
,
,
,
,
,
,
,
,
,
,
,
,
,
,
,
,
,
,
,
,
,
,
,
,
,
,
,
,
,
,
,
,
,
,
,
,
,
,
,
,
,
,
,
,
,
,
,
,
,
,
,
,
,
,
,
,
,
,
,
,
,
,
,
,
,
,
,
,
,
,
,
,
,
,
,
,
,
,
,
,
,
,
,
,
,
,
,
,
,
,
,
,
,
,
,
,
,
,
,
,
,
,
,
,
,
,
,
,
,
,
,
,
,
,
,
,
,
,
,
,
,
,
,
,
,
,
,
,
,
,
,
,
,
,
,
,
,
,
,
,
,
,
,
,
,
,
,
,
,
,
,
,
,
,
,
,
,
"Motorola Edge 50 Fusion (Marshmallow Blue, 256 GB)","27,999"
,
"Motorola Edge 50 Fusion (Marshmallow Blue, 256 GB)","27,999"
"Motorola Edge 50 Fusion (Marshmallow Blue, 256 GB)","27,999"
"Motorola Edge 50 Fusion (Marshmallow Blue, 256 GB)","27,999"
,
,
,
,
"Motorola Edge 50 Fusion (Marshmallow Blue, 256 GB)","27,999"
,
,
,
,
,
,
,
,
,
,
,
,
,
,
,
,
,
,
,
,
,
,
,
,
,
,
,
,
,
"POCO C61 (Ethereal Blue, 64 GB)","8,999"
"POCO C61 (Ethereal Blue, 64 GB)","8,999"
"POCO C61 (Ethereal Blue, 64 GB)","8,999"
"POCO C61 (Ethereal Blue, 64 GB)","8,999"
,
,
,
,
,
"POCO C61 (Ethereal Blue, 64 GB)","8,999"
,
,
,
,
,
,
,
,
,
,
,
,
,
,
,
,
,
,
,
,
,
,
,
,
,
,
,
,
"POCO C61 (Ethereal Blue, 128 GB)","9,999"
,
,
"POCO C61 (Ethereal Blue, 128 GB)","9,999"
"POCO C61 (Ethereal Blue, 128 GB)","9,999"
"POCO C61 (Ethereal Blue, 128 GB)","9,999"
,
,
,
,
"POCO C61 (Ethereal Blue, 128 GB)","9,999"
,
,
,
,
,
,
,
,
,
,
,
,
,
,
,
,
,
,
,
,
,
,
,
,
,
,
,
,
,
"MOTOROLA g35 5G (Midnight Black, 128 GB)","12,499"
"MOTOROLA g35 5G (Midnight Black, 128 GB)","12,499"
"MOTOROLA g35 5G (Midnight Black, 128 GB)","12,499"
"MOTOROLA g35 5G (Midnight Black, 128 GB)","12,499"
,
,
,
,
,
"MOTOROLA g35 5G (Midnight Black, 128 GB)","12,499"
,
,
,
,
,
,
,
,
,
,
,
,
,
,
,
,
,
,
,
,
,
,
,
,
,
,
,
,
"POCO C61 (Ethereal Blue, 64 GB)","8,999"
,
"POCO C61 (Ethereal Blue, 64 GB)","8,999"
"POCO C61 (Ethereal Blue, 64 GB)","8,999"
"POCO C61 (Ethereal Blue, 64 GB)","8,999"
,
,
,
,
"POCO C61 (Ethereal Blue, 64 GB)","8,999"
,
,
,
,
,
,
,
,
,
,
,
,
,
,
,
,
,
,
,
,
,
,
,
,
,
,
,
,
,
,
"Motorola Edge 50 Fusion (Forest Blue, 128 GB)","25,999"
"Motorola Edge 50 Fusion (Forest Blue, 128 GB)","25,999"
"Motorola Edge 50 Fusion (Forest Blue, 128 GB)","25,999"
"Motorola Edge 50 Fusion (Forest Blue, 128 GB)","25,999"
,
,
,
,
,
"Motorola Edge 50 Fusion (Forest Blue, 128 GB)","25,999"
,
,
,
,
,
,
,
,
,
,
,
,
,
,
,
,
,
,
,
,
,
,
,
,
,
,
,
,
"Motorola g45 5G (Brilliant Blue, 128 GB)","14,999"
,
"Motorola g45 5G (Brilliant Blue, 128 GB)","14,999"
"Motorola g45 5G (Brilliant Blue, 128 GB)","14,999"
"Motorola g45 5G (Brilliant Blue, 128 GB)","14,999"
,
,
,
,
"Motorola g45 5G (Brilliant Blue, 128 GB)","14,999"
,
,
,
,
,
,
,
,
,
,
,
,
,
,
,
,
,
,
,
,
,
,
,
,
Jmax Clubs,"1,999"
,
,
,
,
"Motorola Edge 50 Fusion (Forest Blue, 256 GB)","27,999"
"Motorola Edge 50 Fusion (Forest Blue, 256 GB)","27,999"
"Motorola Edge 50 Fusion (Forest Blue, 256 GB)","27,999"
"Motorola Edge 50 Fusion (Forest Blue, 256 GB)","27,999"
,
,
Jmax Clubs,"1,999"
,
,
"Motorola Edge 50 Fusion (Forest Blue, 256 GB)","27,999"
,
,
,
,
,
,
,
Jmax Clubs,"1,999"
,
,
,
,
,
,
,
,
,
,
,
Jmax Clubs,"1,999"
,
,
,
,
,
,
,
,
,
"POCO C75 5G (Silver Stardust, 64 GB)","10,999"
,
"POCO C75 5G (Silver Stardust, 64 GB)","10,999"
"POCO C75 5G (Silver Stardust, 64 GB)","10,999"
"POCO C75 5G (Silver Stardust, 64 GB)","10,999"
,
,
,
,
"POCO C75 5G (Silver Stardust, 64 GB)","10,999"
,
,
,
,
,
,
,
,
,
,
,
,
,
,
,
,
,
,
,
,
,
,
,
,
,
,
,
,
,
"Motorola g45 5G (Brilliant Green, 128 GB)","14,999"
"Motorola g45 5G (Brilliant Green, 128 GB)","14,999"
"Motorola g45 5G (Brilliant Green, 128 GB)","14,999"
"Motorola g45 5G (Brilliant Green, 128 GB)","14,999"
,
,
Jmax Clubs,"1,999"
,
,
"Motorola g45 5G (Brilliant Green, 128 GB)","14,999"
,
,
,
,
,
,
,
,
,
,
,
,
,
,
,
,
,
,
,
,
,
,
,
,
,
,
,
,
"Motorola g45 5G (Brilliant Blue, 128 GB)","12,999"
,
"Motorola g45 5G (Brilliant Blue, 128 GB)","12,999"
"Motorola g45 5G (Brilliant Blue, 128 GB)","12,999"
"Motorola g45 5G (Brilliant Blue, 128 GB)","12,999"
,
,
,
,
"Motorola g45 5G (Brilliant Blue, 128 GB)","12,999"
,
,
,
,
,
,
,
,
,
,
,
,
,
,
,
,
,
,
,
,
,
,
,
,
,
,
,
,
,
,
"vivo T3 Pro 5G (Sandstone Orange, 128 GB)","29,999"
"vivo T3 Pro 5G (Sandstone Orange, 128 GB)","29,999"
"vivo T3 Pro 5G (Sandstone Orange, 128 GB)","29,999"
"vivo T3 Pro 5G (Sandstone Orange, 128 GB)","29,999"
,
,
,
,
,
"vivo T3 Pro 5G (Sandstone Orange, 128 GB)","29,999"
,
,
,
,
,
,
,
,
,
,
,
,
,
,
,
,
,
,
,
,
,
,
,
,
,
,
,
,
"vivo T3 Pro 5G (Sandstone Orange, 256 GB)","31,999"
,
"vivo T3 Pro 5G (Sandstone Orange, 256 GB)","31,999"
"vivo T3 Pro 5G (Sandstone Orange, 256 GB)","31,999"
"vivo T3 Pro 5G (Sandstone Orange, 256 GB)","31,999"
,
,
,
,
"vivo T3 Pro 5G (Sandstone Orange, 256 GB)","31,999"
,
,
,
,
,
,
,
,
,
,
,
,
,
,
,
,
,
,
,
,
,
,
,
,
Jmax True,"1,699"
,
,
,
,
"POCO M7 5G (Mint Green, 128 GB)","12,999"
"POCO M7 5G (Mint Green, 128 GB)","12,999"
"POCO M7 5G (Mint Green, 128 GB)","12,999"
"POCO M7 5G (Mint Green, 128 GB)","12,999"
,
,
Jmax True,"1,699"
,
,
"POCO M7 5G (Mint Green, 128 GB)","12,999"
,
,
,
,
,
,
,
,
Jmax True,"1,699"
,
,
,
,
,
,
,
,
,
,
Jmax True,"1,699"
,
,
,
,
,
,
,
,
,
"Motorola g45 5G (Brilliant Green, 128 GB)","12,999"
,
"Motorola g45 5G (Brilliant Green, 128 GB)","12,999"
"Motorola g45 5G (Brilliant Green, 128 GB)","12,999"
"Motorola g45 5G (Brilliant Green, 128 GB)","12,999"
,
,
,
,
"Motorola g45 5G (Brilliant Green, 128 GB)","12,999"
,
,
,
,
,
,
,
,
,
,
,
,
,
,
,
,
,
,
,
,
,
,
,
,
,
,
,
,
,
"MOTOROLA Edge 50 (Jungle Green, 256 GB)","32,999"
"MOTOROLA Edge 50 (Jungle Green, 256 GB)","32,999"
"MOTOROLA Edge 50 (Jungle Green, 256 GB)","32,999"
"MOTOROLA Edge 50 (Jungle Green, 256 GB)","32,999"
,
,
Jmax True,"1,699"
,
,
"MOTOROLA Edge 50 (Jungle Green, 256 GB)","32,999"
,
,
,
,
,
,
,
,
,
,
,
,
,
,
,
,
,
,
,
,
,
,
,
,
,
,
,
,
"vivo T3 5G (Crystal Flake, 128 GB)","22,999"
,
"vivo T3 5G (Crystal Flake, 128 GB)","22,999"
"vivo T3 5G (Crystal Flake, 128 GB)","22,999"
"vivo T3 5G (Crystal Flake, 128 GB)","22,999"
,
,
,
,
"vivo T3 5G (Crystal Flake, 128 GB)","22,999"
,
,
,
,
,
,
,
,
,
,
,
,
,
,
,
,
,
,
,
,
,
,
,
,
,
,
,
,
,
,
"vivo T3 5G (Crystal Flake, 256 GB)","24,999"
"vivo T3 5G (Crystal Flake, 256 GB)","24,999"
"vivo T3 5G (Crystal Flake, 256 GB)","24,999"
"vivo T3 5G (Crystal Flake, 256 GB)","24,999"
,
,
,
,
,
"vivo T3 5G (Crystal Flake, 256 GB)","24,999"
,
,
,
,
,
,
,
,
,
,
,
,
,
,
,
,
,
,
,
,
,
,
,
,
,
,
,
,
"Motorola g64 5G (Ice Lilac, 256 GB)","19,999"
,
"Motorola g64 5G (Ice Lilac, 256 GB)","19,999"
"Motorola g64 5G (Ice Lilac, 256 GB)","19,999"
"Motorola g64 5G (Ice Lilac, 256 GB)","19,999"
,
,
,
,
"Motorola g64 5G (Ice Lilac, 256 GB)","19,999"
,
,
,
,
,
,
,
,
,
,
,
,
,
,
,
,
,
,
,
,
,
,
,
,
Jmax True,"1,699"
,
,
,
,
"POCO M7 5G (Ocean Blue, 128 GB)","12,999"
"POCO M7 5G (Ocean Blue, 128 GB)","12,999"
"POCO M7 5G (Ocean Blue, 128 GB)","12,999"
"POCO M7 5G (Ocean Blue, 128 GB)","12,999"
,
,
,
Jmax True,"1,699"
,
,
"POCO M7 5G (Ocean Blue, 128 GB)","12,999"
,
,
,
,
,
,
,
Jmax True,"1,699"
,
,
,
,
,
,
,
,
,
,
Jmax True,"1,699"
,
,
,
,
,
,
,
,
,
"vivo T3 5G (Cosmic Blue, 256 GB)","24,999"
,
"vivo T3 5G (Cosmic Blue, 256 GB)","24,999"
"vivo T3 5G (Cosmic Blue, 256 GB)","24,999"
"vivo T3 5G (Cosmic Blue, 256 GB)","24,999"
,
,
,
,
"vivo T3 5G (Cosmic Blue, 256 GB)","24,999"
,
,
,
,
,
,
,
,
,
,
,
,
,
,
,
,
,
,
,
,
,
,
,
,
,
,
,
,
,
"vivo T3 5G (Cosmic Blue, 128 GB)","22,999"
"vivo T3 5G (Cosmic Blue, 128 GB)","22,999"
"vivo T3 5G (Cosmic Blue, 128 GB)","22,999"
"vivo T3 5G (Cosmic Blue, 128 GB)","22,999"
,
,
Jmax True,"1,699"
,
,
"vivo T3 5G (Cosmic Blue, 128 GB)","22,999"
,
,
,
,
,
,
,
,
,
,
,
,
,
,
,
,
,
,
,
,
,
,
,
,
,
,
,
,
"vivo T4x 5G (Marine Blue, 256 GB)","20,999"
Jmax Clubs,"1,999"
,
,
"vivo T4x 5G (Marine Blue, 256 GB)","20,999"
"vivo T4x 5G (Marine Blue, 256 GB)","20,999"
"vivo T4x 5G (Marine Blue, 256 GB)","20,999"
,
,
,
,
"vivo T4x 5G (Marine Blue, 256 GB)","20,999"
,
,
,
,
,
,
,
,
,
,
,
,
,
,
,
,
,
,
,
,
,
,
,
,
,
,
,
,
,
"vivo T4x 5G (Pronto Purple, 128 GB)","19,499"
"vivo T4x 5G (Pronto Purple, 128 GB)","19,499"
"vivo T4x 5G (Pronto Purple, 128 GB)","19,499"
"vivo T4x 5G (Pronto Purple, 128 GB)","19,499"
,
,
,
,
,
"vivo T4x 5G (Pronto Purple, 128 GB)","19,499"
,
,
,
,
,
,
,
,
,
,
,
,
,
,
,
,
,
,
,
,
,
,
,
,
,
,
,
,
,
,
,
,
,
,
,
,
,
,
,
,
,
,
,
,
,
,
,
,
,
,
,
,
,
,
,
,
,
,
,
,
,
,
,
"SIA PRO 5+ Golden smallest Phone (Gold, 64 GB)","14,999"
,
,
,
,
,
,
,
,
,
,
"SIA PRO 5+ Golden smallest Phone (Gold, 64 GB)","14,999"
,
,
,
,
,
,
,
,
,
,
"SIA PRO 5+ Golden smallest Phone (Gold, 64 GB)","14,999"
,
,
,
,
,
,
,
,
,
,
"SIA PRO 5+ Golden smallest Phone (Gold, 64 GB)","14,999"
,
,
,
,
,
,
,
,
,
,
,
,
,
,
,
,
,
,
,
,
,
,
,
,
,
,
,
,
,
,
,
,
,
,
,
,
,
,
,
,
,
,
,
,
,
,
,
,
,
,
,
,
,
,
"SIA PRO 5+ Golden smallest Phone (Gold, 64 GB)","14,999"
,
,
,
,
,
,
,
,
,
,
,
,
,
,
,
,
,
,
,
,
,
,
,
,
,
,
,
,
,
,
,
,
,
,
,
,
,
,
,
,
,
,
,
,
,
,
,
,
,
,
,
,
,
,
,
,
,
,
,
,
,
,
,
,
,
,
,
,
,
,
,
,
,
,
,
,
,
,
,
,
,
,
,
,
,
,
,
,
,
,
,
,
,
,
,
,
,
,
,
,
,
,
,
,
,
,
,
,
,
,
,
,
,
"vivo T4x 5G (Marine Blue, 128 GB)","19,499"
"vivo T4x 5G (Marine Blue, 128 GB)","19,499"
"vivo T4x 5G (Marine Blue, 128 GB)","19,499"
,
"vivo T4x 5G (Marine Blue, 128 GB)","19,499"
,
,
,
,
,
,
,
,
,
,
,
,
,
,
,
,
,
,
,
,
,
,
,
,
,
,
Jmax Pro X,"2,199"
,
,
,
,
,
,
,
,
,
,
Jmax Pro X,"2,199"
,
,
,
,
,
,
,
,
,
,
Jmax Pro X,"2,199"
,
,
,
,
,
,
,
,
,
,
Jmax Pro X,"2,199"
,
,
,
,
,
,
,
,
,
,
,
,
,
,
,
,
,
,
,
,
,
,
,
,
,
,
,
,
,
,
,
,
,
,
,
,
,
,
,
,
,
,
,
,
,
,
,
,
,
,
,
,
,
,
Jmax Pro X,"2,199"
,
,
,
,
,
,
,
,
,
,
,
,
,
,
,
,
,
,
,
,
,
,
,
,
,
,
,
,
,
,
,
,
,
,
,
,
,
,
,
,
,
,
,
"vivo T4x 5G (Marine Blue, 128 GB)","19,499"
,
"vivo T4x 5G (Marine Blue, 128 GB)","19,499"
"vivo T4x 5G (Marine Blue, 128 GB)","19,499"
"vivo T4x 5G (Marine Blue, 128 GB)","19,499"
,
,
,
,
"vivo T4x 5G (Marine Blue, 128 GB)","19,499"
,
,
,
,
,
,
,
,
,
,
,
,
,
,
,
,
,
,
,
,
,
,
,
,
,
,
,
,
,
"vivo T4x 5G (Pronto Purple, 128 GB)","17,999"
"vivo T4x 5G (Pronto Purple, 128 GB)","17,999"
"vivo T4x 5G (Pronto Purple, 128 GB)","17,999"
"vivo T4x 5G (Pronto Purple, 128 GB)","17,999"
,
,
,
,
,
"vivo T4x 5G (Pronto Purple, 128 GB)","17,999"
,
,
,
,
,
,
,
,
,
,
,
,
,
,
,
,
,
,
,
,
,
,
,
,
,
,
,
,
"vivo T4x 5G (Marine Blue, 128 GB)","17,999"
,
,
"vivo T4x 5G (Marine Blue, 128 GB)","17,999"
"vivo T4x 5G (Marine Blue, 128 GB)","17,999"
"vivo T4x 5G (Marine Blue, 128 GB)","17,999"
,
,
,
,
"vivo T4x 5G (Marine Blue, 128 GB)","17,999"
,
,
,
,
,
,
,
,
,
,
,
,
,
Jmax Sports Pro,"1,399"
,
,
,
,
,
,
,
,
,
,
Jmax Sports Pro,"1,399"
,
,
,
,
"Motorola g45 5G (Viva Magenta, 128 GB)","14,999"
"Motorola g45 5G (Viva Magenta, 128 GB)","14,999"
"Motorola g45 5G (Viva Magenta, 128 GB)","14,999"
"Motorola g45 5G (Viva Magenta, 128 GB)","14,999"
,
,
Jmax Sports Pro,"1,399"
,
,
"Motorola g45 5G (Viva Magenta, 128 GB)","14,999"
,
,
,
,
,
,
,
Jmax Sports Pro,"1,399"
,
,
,
,
,
,
,
,
,
,
,
,
,
,
,
,
,
,
,
,
"MOTOROLA g35 5G (Leaf Green, 128 GB)","12,499"
,
"MOTOROLA g35 5G (Leaf Green, 128 GB)","12,499"
"MOTOROLA g35 5G (Leaf Green, 128 GB)","12,499"
"MOTOROLA g35 5G (Leaf Green, 128 GB)","12,499"
,
,
,
,
"MOTOROLA g35 5G (Leaf Green, 128 GB)","12,499"
,
,
,
,
,
,
,
,
,
,
,
,
,
,
,
,
,
,
,
,
,
,
,
,
,
Jmax Sports Pro,"1,399"
,
,
,
,
"Motorola g64 5G (Mint Green, 256 GB)","19,999"
"Motorola g64 5G (Mint Green, 256 GB)","19,999"
"Motorola g64 5G (Mint Green, 256 GB)","19,999"
"Motorola g64 5G (Mint Green, 256 GB)","19,999"
,
,
,
,
,
"Motorola g64 5G (Mint Green, 256 GB)","19,999"
,
,
,
,
,
,
,
,
,
,
,
,
,
,
,
,
,
,
,
,
,
,
,
,
,
,
,
,
"vivo T3 Pro 5G (Emerald Green, 256 GB)","31,999"
,
"vivo T3 Pro 5G (Emerald Green, 256 GB)","31,999"
"vivo T3 Pro 5G (Emerald Green, 256 GB)","31,999"
"vivo T3 Pro 5G (Emerald Green, 256 GB)","31,999"
,
,
,
,
"vivo T3 Pro 5G (Emerald Green, 256 GB)","31,999"
,
,
,
,
,
,
,
,
,
,
,
,
,
,
,
,
,
,
,
,
,
,
,
,
,
,
,
,
,
"vivo T4x 5G (Pronto Purple, 256 GB)","20,999"
"vivo T4x 5G (Pronto Purple, 256 GB)","20,999"
"vivo T4x 5G (Pronto Purple, 256 GB)","20,999"
"vivo T4x 5G (Pronto Purple, 256 GB)","20,999"
,
,
,
,
,
"vivo T4x 5G (Pronto Purple, 256 GB)","20,999"
,
,
,
,
,
,
,
,
,
,
,
,
,
,
,
,
,
,
,
,
,
,
,
,
,
,
,
,
,
"Motorola g64 5G (Mint Green, 128 GB)","17,999"
,
"Motorola g64 5G (Mint Green, 128 GB)","17,999"
"Motorola g64 5G (Mint Green, 128 GB)","17,999"
"Motorola g64 5G (Mint Green, 128 GB)","17,999"
,
,
,
,
"Motorola g64 5G (Mint Green, 128 GB)","17,999"
,
,
,
,
,
,
,
,
,
,
,
,
,
Jmax Sports Pro,"1,399"
,
,
,
,
,
,
,
,
,
,
Jmax Sports Pro,"1,399"
,
,
,
,
"POCO C61  - Locked with Airtel Prepaid (Diamond Dust Black, 64 GB)","8,999"
"POCO C61  - Locked with Airtel Prepaid (Diamond Dust Black, 64 GB)","8,999"
"POCO C61  - Locked with Airtel Prepaid (Diamond Dust Black, 64 GB)","8,999"
"POCO C61  - Locked with Airtel Prepaid (Diamond Dust Black, 64 GB)","8,999"
,
,
Jmax Sports Pro,"1,399"
,
,
"POCO C61  - Locked with Airtel Prepaid (Diamond Dust Black, 64 GB)","8,999"
,
,
,
,
,
,
,
Jmax Sports Pro,"1,399"
,
,
,
,
,
,
,
,
,
,
,
,
,
,
,
,
,
,
,
,
"Motorola g45 5G (Viva Magenta, 128 GB)","12,999"
,
"Motorola g45 5G (Viva Magenta, 128 GB)","12,999"
"Motorola g45 5G (Viva Magenta, 128 GB)","12,999"
"Motorola g45 5G (Viva Magenta, 128 GB)","12,999"
,
,
,
,
"Motorola g45 5G (Viva Magenta, 128 GB)","12,999"
,
,
,
,
,
,
,
,
,
,
,
,
,
,
,
,
,
,
,
,
,
,
,
,
,
Jmax Sports Pro,"1,399"
,
,
,
,
"Motorola Edge 50 Fusion (Hot Pink, 128 GB)","25,999"
"Motorola Edge 50 Fusion (Hot Pink, 128 GB)","25,999"
"Motorola Edge 50 Fusion (Hot Pink, 128 GB)","25,999"
"Motorola Edge 50 Fusion (Hot Pink, 128 GB)","25,999"
,
,
,
,
,
"Motorola Edge 50 Fusion (Hot Pink, 128 GB)","25,999"
,
,
,
,
,
,
,
,
,
,
,
,
,
,
,
,
,
,
,
,
,
,
,
,
,
,
,
,
"Motorola g64 5G (Pearl Blue, 256 GB)","19,999"
,
"Motorola g64 5G (Pearl Blue, 256 GB)","19,999"
"Motorola g64 5G (Pearl Blue, 256 GB)","19,999"
"Motorola g64 5G (Pearl Blue, 256 GB)","19,999"
,
,
,
,
"Motorola g64 5G (Pearl Blue, 256 GB)","19,999"
,
,
,
,
,
,
,
,
,
,
,
,
,
,
,
,
,
,
,
,
,
,
,
,
,
,
,
,
,
"Motorola g45 5G (Pink Lavender, 128 GB)","12,999"
"Motorola g45 5G (Pink Lavender, 128 GB)","12,999"
"Motorola g45 5G (Pink Lavender, 128 GB)","12,999"
"Motorola g45 5G (Pink Lavender, 128 GB)","12,999"
,
,
,
,
,
"Motorola g45 5G (Pink Lavender, 128 GB)","12,999"
,
,
,
,
,
,
,
,
,
,
,
,
,
,
,
,
,
,
,
,
,
,
,
,
,
,
,
,
,
"Motorola Edge 50 Fusion (Hot Pink, 256 GB)","27,999"
,
"Motorola Edge 50 Fusion (Hot Pink, 256 GB)","27,999"
"Motorola Edge 50 Fusion (Hot Pink, 256 GB)","27,999"
"Motorola Edge 50 Fusion (Hot Pink, 256 GB)","27,999"
,
,
,
,
"Motorola Edge 50 Fusion (Hot Pink, 256 GB)","27,999"
,
,
,
,
,
,
,
,
,
,
,
,
,
Jmax J30,"1,299"
,
,
,
,
,
,
,
,
,
,
Jmax J30,"1,299"
,
,
,
,
"vivo T3 Pro 5G (Emerald Green, 128 GB)","29,999"
"vivo T3 Pro 5G (Emerald Green, 128 GB)","29,999"
"vivo T3 Pro 5G (Emerald Green, 128 GB)","29,999"
"vivo T3 Pro 5G (Emerald Green, 128 GB)","29,999"
,
,
Jmax J30,"1,299"
,
,
"vivo T3 Pro 5G (Emerald Green, 128 GB)","29,999"
,
,
,
,
,
,
,
Jmax J30,"1,299"
,
,
,
,
,
,
,
,
,
,
,
,
,
,
,
,
,
,
,
,
"POCO C61 (Diamond Dust Black, 64 GB)","8,999"
,
"POCO C61 (Diamond Dust Black, 64 GB)","8,999"
"POCO C61 (Diamond Dust Black, 64 GB)","8,999"
"POCO C61 (Diamond Dust Black, 64 GB)","8,999"
,
,
,
,
"POCO C61 (Diamond Dust Black, 64 GB)","8,999"
,
,
,
,
,
,
,
,
,
,
,
,
,
,
,
,
,
,
,
,
,
,
,
,
,
,
Jmax J30,"1,299"
,
,
,
,
"Motorola g64 5G (Ice Lilac, 128 GB)","17,999"
"Motorola g64 5G (Ice Lilac, 128 GB)","17,999"
"Motorola g64 5G (Ice Lilac, 128 GB)","17,999"
"Motorola g64 5G (Ice Lilac, 128 GB)","17,999"
,
,
,
,
,
"Motorola g64 5G (Ice Lilac, 128 GB)","17,999"
,
,
,
,
,
,
,
,
,
,
,
,
,
,
,
,
,
,
,
,
,
,
,
,
,
,
,
,
"Motorola G85 5G (Olive Green, 128 GB)","20,999"
,
"Motorola G85 5G (Olive Green, 128 GB)","20,999"
"Motorola G85 5G (Olive Green, 128 GB)","20,999"
"Motorola G85 5G (Olive Green, 128 GB)","20,999"
,
,
,
,
"Motorola G85 5G (Olive Green, 128 GB)","20,999"
,
,
,
,
,
,
,
,
,
,
,
,
,
,
,
,
,
,
,
,
,
,
,
,
,
,
,
,
,
"POCO C61 (Diamond Dust Black, 64 GB)","8,999"
"POCO C61 (Diamond Dust Black, 64 GB)","8,999"
"POCO C61 (Diamond Dust Black, 64 GB)","8,999"
"POCO C61 (Diamond Dust Black, 64 GB)","8,999"
,
,
,
,
,
,
"POCO C61 (Diamond Dust Black, 64 GB)","8,999"
,
,
,
,
,
,
,
,
,
,
,
,
,
,
,
,
,
,
,
,
,
,
,
,
,
,
,
,
"POCO C75 5G (Enchanted Green, 64 GB)","10,999"
,
"POCO C75 5G (Enchanted Green, 64 GB)","10,999"
"POCO C75 5G (Enchanted Green, 64 GB)","10,999"
"POCO C75 5G (Enchanted Green, 64 GB)","10,999"
,
,
,
,
"POCO C75 5G (Enchanted Green, 64 GB)","10,999"
,
,
,
,
,
,
,
,
,
,
,
,
,
,
,
,
,
,
,
,
,
,
,
,
,
,
,
,
,
"Motorola Edge 50 Pro 5G with 125W Charger (Caneel Bay, 256 GB)","41,999"
"Motorola Edge 50 Pro 5G with 125W Charger (Caneel Bay, 256 GB)","41,999"
"Motorola Edge 50 Pro 5G with 125W Charger (Caneel Bay, 256 GB)","41,999"
"Motorola Edge 50 Pro 5G with 125W Charger (Caneel Bay, 256 GB)","41,999"
,
,
,
,
,
"Motorola Edge 50 Pro 5G with 125W Charger (Caneel Bay, 256 GB)","41,999"
,
,
,
,
,
,
,
,
,
,
,
,
,
,
,
,
,
,
,
,
,
,
,
,
,
,
,
,
"REDMI 13 5G (Hawaiian Blue, 128 GB)","17,999"
,
,
"REDMI 13 5G (Hawaiian Blue, 128 GB)","17,999"
"REDMI 13 5G (Hawaiian Blue, 128 GB)","17,999"
"REDMI 13 5G (Hawaiian Blue, 128 GB)","17,999"
,
,
,
,
"REDMI 13 5G (Hawaiian Blue, 128 GB)","17,999"
,
,
,
,
,
,
,
,
,
,
,
,
,
,
,
,
,
,
,
,
,
,
,
,
,
,
,
,
,
Nokia 105,"1,699"
Nokia 105,"1,699"
Nokia 105,"1,699"
Nokia 105,"1,699"
,
,
,
,
,
Nokia 105,"1,699"
,
,
,
,
,
,
,
,
,
,
,
,
,
,
,
,
,
,
,
,
,
,
,
,
,
,
,
,
,
,
,
,
,
,
,
,
,
,
,
,
,
,
,
,
,
,
,
,
,
,
,
,
,
,
,
,
,
,
,
,
,
,
,
,
,
,
,
,
,
,
,
,
,
,
,
,
,
,
,
,
,
,
,
,
,
,
,
,
,
,
,
,
,
,
,
,
,
,
,
,
,
,
,
,
,
,
,
,
,
,
,
,
,
,
,
,
,
,
,
,
,
,
,
,
,
,
,
,
,
,
,
,
,
,
,
,
,
,
,
,
,
,
,
,
,
,
,
,
,
,
,
,
,
,
,
,
,
,
,
,
,
,
,
,
,
,
,
,
,
,
,
,
,
,
,
,
,
,
,
,
,
,
,
,
,
,
,
,
,
,
,
,
,
,
,
,
,
,
,
,
,
,
,
,
,
,
,
,
,
,
,
,
,
,
,
,
,
,
,
,
,
,
,
,
,
,
,
,
,
,
,
,
,
,
,
,
,
,
,
,
"vivo Lite 5G (Vibrant Green, 128 GB)","15,499"
,
,
,
,
,
,
,
,
,
,
"vivo Lite 5G (Vibrant Green, 128 GB)","15,499"
,
,
,
,
,
,
,
,
,
,
"vivo Lite 5G (Vibrant Green, 128 GB)","15,499"
,
,
"Nothing Phone (2a) 5G (Blue, 256 GB)","29,999"
"Nothing Phone (2a) 5G (Blue, 256 GB)","29,999"
"Nothing Phone (2a) 5G (Blue, 256 GB)","29,999"
,
"Nothing Phone (2a) 5G (Blue, 256 GB)","29,999"
,
,
,
"vivo Lite 5G (Vibrant Green, 128 GB)","15,499"
,
,
,
,
,
,
,
,
,
,
,
,
,
,
,
,
,
,
,
,
,
,
,
,
,
,
,
,
,
,
,
,
,
,
,
,
,
,
,
,
,
,
,
,
,
,
,
,
,
,
,
,
,
,
,
"vivo Lite 5G (Vibrant Green, 128 GB)","15,499"
,
,
,
,
,
,
,
,
,
,
,
,
,
,
,
,
,
,
,
,
,
,
,
,
,
,
,
,
,
,
,
,
,
,
,
,
,
,
,
,
,
,
,
,
,
,
,
,
,
,
,
,
,
,
,
,
,
,
,
,
,
,
,
,
,
,
,
,
,
,
,
,
,
,
,
,
,
,
,
,
,
,
,
,
,
,
,
,
,
,
,
,
,
,
,
,
,
,
,
,
,
,
,
,
"Nothing Phone (2a) 5G (Blue, 256 GB)","29,999"
"Nothing Phone (2a) 5G (Blue, 256 GB)","29,999"
"Nothing Phone (2a) 5G (Blue, 256 GB)","29,999"
"Nothing Phone (2a) 5G (Blue, 256 GB)","29,999"
,
,
,
,
,
"Nothing Phone (2a) 5G (Blue, 256 GB)","29,999"
,
,
,
,
,
,
,
,
,
,
,
,
,
,
,
,
,
,
,
,
,
,
,
,
,
,
,
,
"POCO M7 Pro 5G (Olive Twilight, 128 GB)","18,999"
,
"POCO M7 Pro 5G (Olive Twilight, 128 GB)","18,999"
"POCO M7 Pro 5G (Olive Twilight, 128 GB)","18,999"
"POCO M7 Pro 5G (Olive Twilight, 128 GB)","18,999"
,
,
,
,
"POCO M7 Pro 5G (Olive Twilight, 128 GB)","18,999"
,
,
,
,
,
,
,
,
,
,
,
,
,
,
,
,
,
,
,
,
,
,
,
,
,
,
,
,
,
,
"SAMSUNG Galaxy M35 5G (DayBreak Blue, 256 GB)","27,779"
"SAMSUNG Galaxy M35 5G (DayBreak Blue, 256 GB)","27,779"
"SAMSUNG Galaxy M35 5G (DayBreak Blue, 256 GB)","27,779"
"SAMSUNG Galaxy M35 5G (DayBreak Blue, 256 GB)","27,779"
,
,
,
,
,
"SAMSUNG Galaxy M35 5G (DayBreak Blue, 256 GB)","27,779"
,
,
,
,
,
,
,
,
,
,
,
,
,
,
,
,
,
,
,
,
,
,
,
,
,
,
,
,
"SAMSUNG Galaxy M35 5G (DayBreak Blue, 128 GB)","25,999"
,
"SAMSUNG Galaxy M35 5G (DayBreak Blue, 128 GB)","25,999"
"SAMSUNG Galaxy M35 5G (DayBreak Blue, 128 GB)","25,999"
"SAMSUNG Galaxy M35 5G (DayBreak Blue, 128 GB)","25,999"
,
,
,
,
"SAMSUNG Galaxy M35 5G (DayBreak Blue, 128 GB)","25,999"
,
,
,
,
,
,
,
,
,
,
,
,
,
,
,
,
,
,
,
,
,
,
,
,
,
,
,
,
,
"Nothing Phone (2a) 5G (Blue, 256 GB)","27,999"
"Nothing Phone (2a) 5G (Blue, 256 GB)","27,999"
"Nothing Phone (2a) 5G (Blue, 256 GB)","27,999"
"Nothing Phone (2a) 5G (Blue, 256 GB)","27,999"
,
,
,
,
,
"Nothing Phone (2a) 5G (Blue, 256 GB)","27,999"
,
,
,
,
,
,
,
,
,
,
,
,
,
,
,
,
,
,
,
,
,
,
,
,
,
,
,
,
,
"Nothing Phone (2a) 5G (Black, 256 GB)","27,999"
"vivo T3 Lite 5G (Vibrant Green, 128 GB)","14,499"
"Nothing Phone (2a) 5G (Black, 256 GB)","27,999"
"Nothing Phone (2a) 5G (Black, 256 GB)","27,999"
"Nothing Phone (2a) 5G (Black, 256 GB)","27,999"
,
,
,
,
"Nothing Phone (2a) 5G (Black, 256 GB)","27,999"
,
,
"vivo T3 Lite 5G (Vibrant Green, 128 GB)","14,499"
,
,
,
,
,
,
,
,
,
,
"vivo T3 Lite 5G (Vibrant Green, 128 GB)","14,499"
,
,
,
,
,
,
,
,
,
,
"vivo T3 Lite 5G (Vibrant Green, 128 GB)","14,499"
,
,
,
,
"REDMI 13 5G (Hawaiian Blue, 128 GB)","17,999"
"REDMI 13 5G (Hawaiian Blue, 128 GB)","17,999"
"REDMI 13 5G (Hawaiian Blue, 128 GB)","17,999"
"REDMI 13 5G (Hawaiian Blue, 128 GB)","17,999"
,
,
,
,
,
"REDMI 13 5G (Hawaiian Blue, 128 GB)","17,999"
,
,
,
,
,
,
,
,
,
,
,
,
,
,
,
,
,
,
,
,
,
,
,
,
,
,
,
,
"SAMSUNG M05 (Mint Green, 64 GB)","9,999"
,
"SAMSUNG M05 (Mint Green, 64 GB)","9,999"
"SAMSUNG M05 (Mint Green, 64 GB)","9,999"
"SAMSUNG M05 (Mint Green, 64 GB)","9,999"
,
,
,
,
"SAMSUNG M05 (Mint Green, 64 GB)","9,999"
,
,
"vivo T3 Lite 5G (Vibrant Green, 128 GB)","14,499"
,
,
,
,
,
,
,
,
,
,
,
,
,
,
,
,
,
,
,
,
,
,
,
,
,
,
,
"Nothing Phone (2a) 5G (Black, 128 GB)","25,999"
"Nothing Phone (2a) 5G (Black, 128 GB)","25,999"
"Nothing Phone (2a) 5G (Black, 128 GB)","25,999"
"Nothing Phone (2a) 5G (Black, 128 GB)","25,999"
,
,
,
,
,
"Nothing Phone (2a) 5G (Black, 128 GB)","25,999"
,
,
,
,
,
,
,
,
,
,
,
,
,
,
,
,
,
,
,
,
,
,
,
,
,
,
,
,
"Nokia 105 Single SIM, Keypad Mobile Phone with Wireless FM Radio","1,596"
,
"Nokia 105 Single SIM, Keypad Mobile Phone with Wireless FM Radio","1,596"
"Nokia 105 Single SIM, Keypad Mobile Phone with Wireless FM Radio","1,596"
"Nokia 105 Single SIM, Keypad Mobile Phone with Wireless FM Radio","1,596"
,
,
,
,
"Nokia 105 Single SIM, Keypad Mobile Phone with Wireless FM Radio","1,596"
,
,
,
,
,
,
,
,
,
,
,
,
,
,
,
,
,
,
,
,
,
,
,
,
,
,
,
,
,
"realme 70 TURBO 5G (Turbo Purple, 128 GB)","20,999"
"realme 70 TURBO 5G (Turbo Purple, 128 GB)","20,999"
"realme 70 TURBO 5G (Turbo Purple, 128 GB)","20,999"
"realme 70 TURBO 5G (Turbo Purple, 128 GB)","20,999"
,
,
,
,
,
"realme 70 TURBO 5G (Turbo Purple, 128 GB)","20,999"
,
,
,
,
,
,
,
Jmax Clubs,"1,999"
,
,
,
,
,
,
,
,
,
,
,
,
,
,
,
,
,
,
,
,
,
,
"POCO M7 5G (Satin Black, 128 GB)","12,999"
,
"POCO M7 5G (Satin Black, 128 GB)","12,999"
"POCO M7 5G (Satin Black, 128 GB)","12,999"
"POCO M7 5G (Satin Black, 128 GB)","12,999"
,
,
,
,
"POCO M7 5G (Satin Black, 128 GB)","12,999"
,
,
,
,
,
,
,
,
,
,
,
,
,
,
,
,
,
,
,
,
,
,
,
,
,
,
,
,
,
"CMF by Nothing Phone 1 (Orange, 128 GB)","19,999"
"CMF by Nothing Phone 1 (Orange, 128 GB)","19,999"
"CMF by Nothing Phone 1 (Orange, 128 GB)","19,999"
"CMF by Nothing Phone 1 (Orange, 128 GB)","19,999"
,
,
,
,
,
"CMF by Nothing Phone 1 (Orange, 128 GB)","19,999"
,
,
,
,
,
,
,
,
,
,
,
,
,
,
,
,
,
,
,
,
,
,
,
,
,
,
,
,
"Nothing Phone (2a) 5G (Black, 256 GB)","29,999"
,
"Nothing Phone (2a) 5G (Black, 256 GB)","29,999"
"Nothing Phone (2a) 5G (Black, 256 GB)","29,999"
"Nothing Phone (2a) 5G (Black, 256 GB)","29,999"
,
,
,
,
"Nothing Phone (2a) 5G (Black, 256 GB)","29,999"
,
,
,
,
,
,
,
,
,
,
,
,
,
,
,
,
,
,
,
,
,
,
,
,
,
,
,
,
,
,
"POCO M7 Pro 5G (Olive Twilight, 256 GB)","20,999"
"POCO M7 Pro 5G (Olive Twilight, 256 GB)","20,999"
"POCO M7 Pro 5G (Olive Twilight, 256 GB)","20,999"
"POCO M7 Pro 5G (Olive Twilight, 256 GB)","20,999"
,
,
,
,
,
"POCO M7 Pro 5G (Olive Twilight, 256 GB)","20,999"
,
,
,
,
,
,
,
,
,
,
,
,
,
,
,
,
,
,
,
,
,
,
,
,
,
,
,
,
"Nothing Phne (2a) 5G (Blue, 128 GB)","25,999"
"POCO C75 5G (Aqua Bliss, 64 GB)","10,999"
"Nothing Phne (2a) 5G (Blue, 128 GB)","25,999"
"Nothing Phne (2a) 5G (Blue, 128 GB)","25,999"
"Nothing Phne (2a) 5G (Blue, 128 GB)","25,999"
,
,
,
,
"Nothing Phne (2a) 5G (Blue, 128 GB)","25,999"
,
,
"POCO C75 5G (Aqua Bliss, 64 GB)","10,999"
,
,
,
,
,
,
,
,
,
,
"POCO C75 5G (Aqua Bliss, 64 GB)","10,999"
,
,
,
,
,
,
,
,
,
,
"POCO C75 5G (Aqua Bliss, 64 GB)","10,999"
,
,
,
,
"Motorola G85 5G (Urban Grey, 128 GB)","20,999"
"Motorola G85 5G (Urban Grey, 128 GB)","20,999"
"Motorola G85 5G (Urban Grey, 128 GB)","20,999"
"Motorola G85 5G (Urban Grey, 128 GB)","20,999"
,
,
,
,
,
,
"Motorola G85 5G (Urban Grey, 128 GB)","20,999"
,
,
,
,
,
,
,
,
,
,
,
,
,
,
,
,
,
,
,
,
,
,
,
,
,
,
,
,
"CMF by Nothing Phone 1 (Blue, 128 GB)","19,999"
,
"CMF by Nothing Phone 1 (Blue, 128 GB)","19,999"
"CMF by Nothing Phone 1 (Blue, 128 GB)","19,999"
"CMF by Nothing Phone 1 (Blue, 128 GB)","19,999"
,
,
,
,
"CMF by Nothing Phone 1 (Blue, 128 GB)","19,999"
,
,
"POCO C75 5G (Aqua Bliss, 64 GB)","10,999"
,
,
,
,
,
,
,
,
,
,
,
,
,
,
,
,
,
,
,
,
,
,
,
,
,
,
"vivo T3 Lite 5G (Majestic Black, 128 GB)","14,499"
"vivo T3 Lite 5G (Majestic Black, 128 GB)","14,499"
"vivo T3 Lite 5G (Majestic Black, 128 GB)","14,499"
"vivo T3 Lite 5G (Majestic Black, 128 GB)","14,499"
,
,
,
,
,
"vivo T3 Lite 5G (Majestic Black, 128 GB)","14,499"
,
,
,
,
,
,
,
,
,
,
,
,
,
,
,
,
,
,
,
,
,
,
,
,
,
,
,
,
"SAMSUNG Galaxy F05 (Twilight Blue, 64 GB)","9,999"
,
,
"SAMSUNG Galaxy F05 (Twilight Blue, 64 GB)","9,999"
"SAMSUNG Galaxy F05 (Twilight Blue, 64 GB)","9,999"
"SAMSUNG Galaxy F05 (Twilight Blue, 64 GB)","9,999"
,
,
,
,
"SAMSUNG Galaxy F05 (Twilight Blue, 64 GB)","9,999"
,
,
,
,
,
,
,
,
,
,
,
,
,
,
,
,
,
,
,
,
,
,
,
,
,
,
,
,
,
"OPPO K12x 5G with 45W SUPERVOOC Charger In-The-Box (Feather Pink, 256 GB)","18,999"
"OPPO K12x 5G with 45W SUPERVOOC Charger In-The-Box (Feather Pink, 256 GB)","18,999"
"OPPO K12x 5G with 45W SUPERVOOC Charger In-The-Box (Feather Pink, 256 GB)","18,999"
"OPPO K12x 5G with 45W SUPERVOOC Charger In-The-Box (Feather Pink, 256 GB)","18,999"
,
,
,
,
,
"OPPO K12x 5G with 45W SUPERVOOC Charger In-The-Box (Feather Pink, 256 GB)","18,999"
,
,
,
,
,
,
,
,
,
,
,
,
,
,
,
,
,
,
,
,
,
,
,
,
,
,
,
,
"OPPO K12x 5G with 45W SUPERVOOC Charger In-The-Box (Midnight Violet, 128 GB)","16,999"
,
"OPPO K12x 5G with 45W SUPERVOOC Charger In-The-Box (Midnight Violet, 128 GB)","16,999"
"OPPO K12x 5G with 45W SUPERVOOC Charger In-The-Box (Midnight Violet, 128 GB)","16,999"
"OPPO K12x 5G with 45W SUPERVOOC Charger In-The-Box (Midnight Violet, 128 GB)","16,999"
,
,
,
,
"OPPO K12x 5G with 45W SUPERVOOC Charger In-The-Box (Midnight Violet, 128 GB)","16,999"
,
,
,
,
,
,
,
,
,
,
,
,
,
,
,
,
,
,
,
,
,
,
,
,
,
,
,
,
,
,
"Motorola g45 5G (Pink Lavender, 128 GB)","14,999"
"Motorola g45 5G (Pink Lavender, 128 GB)","14,999"
"Motorola g45 5G (Pink Lavender, 128 GB)","14,999"
"Motorola g45 5G (Pink Lavender, 128 GB)","14,999"
,
,
,
,
,
"Motorola g45 5G (Pink Lavender, 128 GB)","14,999"
,
,
,
,
,
,
,
,
,
,
,
,
,
,
,
,
,
,
,
,
,
,
,
,
,
,
,
,
"OPPO K12x 5G with 45W SUPERVOOC Charger In-The-Box (Midnight Violet, 256 GB)","18,999"
,
"OPPO K12x 5G with 45W SUPERVOOC Charger In-The-Box (Midnight Violet, 256 GB)","18,999"
"OPPO K12x 5G with 45W SUPERVOOC Charger In-The-Box (Midnight Violet, 256 GB)","18,999"
"OPPO K12x 5G with 45W SUPERVOOC Charger In-The-Box (Midnight Violet, 256 GB)","18,999"
,
,
,
,
"OPPO K12x 5G with 45W SUPERVOOC Charger In-The-Box (Midnight Violet, 256 GB)","18,999"
,
,
,
,
,
,
,
,
,
,
,
,
,
,
,
,
,
,
,
,
,
,
,
,
,
,
,
,
,
,
,
,
,
,
,
,
,
,
,
,
,
,
,
,
,
,
,
,
,
,
,
,
,
,
,
,
,
,
,
,
,
,
,
,
,
,
,
,
,
"vivo T3 Lite 5G (Majestic Black, 128 GB)","15,499"
,
,
,
,
,
,
,
,
,
,
"vivo T3 Lite 5G (Majestic Black, 128 GB)","15,499"
,
,
,
,
,
,
,
,
,
,
"vivo T3 Lite 5G (Majestic Black, 128 GB)","15,499"
,
,
,
,
,
,
,
,
,
,
"vivo T3 Lite 5G (Majestic Black, 128 GB)","15,499"
,
,
,
,
,
,
,
,
,
,
,
,
,
,
,
,
,
,
,
,
,
,
,
,
,
,
,
,
,
,
,
,
,
,
,
,
,
,
,
,
,
,
,
,
,
,
,
,
,
,
,
,
,
,
"vivo T3 Lite 5G (Majestic Black, 128 GB)","15,499"
,
,
,
,
,
,
,
,
,
,
,
,
,
,
,
,
,
,
,
,
,
,
,
,
,
,
,
,
,
,
,
,
,
,
,
,
,
,
,
,
,
,
,
,
,
,
,
,
,
,
,
,
,
,
,
,
,
,
,
,
,
,
,
,
,
,
,
,
,
,
,
,
,
,
,
,
,
,
,
,
,
,
,
,
,
,
,
,
,
,
,
,
,
,
,
,
,
,
,
,
,
,
,
,
,
,
,
,
,
,
,
,
,
,
,
,
,
,
,
,
,
,
,
,
,
"vivo T3 Lite 5G (Majestic Black, 128 GB)","14,499"
"vivo T3 Lite 5G (Majestic Black, 128 GB)","14,499"
"vivo T3 Lite 5G (Majestic Black, 128 GB)","14,499"
"vivo T3 Lite 5G (Majestic Black, 128 GB)","14,499"
,
,
,
,
,
"vivo T3 Lite 5G (Majestic Black, 128 GB)","14,499"
,
,
,
,
,
,
,
,
,
,
,
,
,
,
,
,
,
,
,
,
,
,
,
,
,
,
,
,
,
,
"SAMSUNG Galaxy F05 (Twilight Blue, 64 GB)","9,999"
"SAMSUNG Galaxy F05 (Twilight Blue, 64 GB)","9,999"
"SAMSUNG Galaxy F05 (Twilight Blue, 64 GB)","9,999"
"SAMSUNG Galaxy F05 (Twilight Blue, 64 GB)","9,999"
,
,
,
,
"SAMSUNG Galaxy F05 (Twilight Blue, 64 GB)","9,999"
,
,
,
,
,
,
,
,
,
,
,
,
,
,
,
,
,
,
,
,
,
,
,
,
,
,
,
,
,
"OPPO K12x 5G with 45W SUPERVOOC Charger In-The-Box (Feather Pink, 256 GB)","18,999"
"OPPO K12x 5G with 45W SUPERVOOC Charger In-The-Box (Feather Pink, 256 GB)","18,999"
"OPPO K12x 5G with 45W SUPERVOOC Charger In-The-Box (Feather Pink, 256 GB)","18,999"
"OPPO K12x 5G with 45W SUPERVOOC Charger In-The-Box (Feather Pink, 256 GB)","18,999"
,
,
,
,
,
"OPPO K12x 5G with 45W SUPERVOOC Charger In-The-Box (Feather Pink, 256 GB)","18,999"
,
,
,
,
,
,
,
,
,
,
,
,
,
,
,
,
,
,
,
,
,
,
,
,
,
,
,
,
,
"OPPO K12x 5G with 45W SUPERVOOC Charger In-The-Box (Midnight Violet, 128 GB)","16,999"
"OPPO K12x 5G with 45W SUPERVOOC Charger In-The-Box (Midnight Violet, 128 GB)","16,999"
"OPPO K12x 5G with 45W SUPERVOOC Charger In-The-Box (Midnight Violet, 128 GB)","16,999"
"OPPO K12x 5G with 45W SUPERVOOC Charger In-The-Box (Midnight Violet, 128 GB)","16,999"
,
,
,
,
"OPPO K12x 5G with 45W SUPERVOOC Charger In-The-Box (Midnight Violet, 128 GB)","16,999"
,
,
,
,
,
,
,
,
,
,
,
,
,
,
,
,
,
,
,
,
,
,
,
,
,
,
,
,
,
,
"OPPO K12x 5G with 45W SUPERVOOC Charger In-The-Box (Feather Pink, 128 GB)","16,999"
"OPPO K12x 5G with 45W SUPERVOOC Charger In-The-Box (Feather Pink, 128 GB)","16,999"
"OPPO K12x 5G with 45W SUPERVOOC Charger In-The-Box (Feather Pink, 128 GB)","16,999"
"OPPO K12x 5G with 45W SUPERVOOC Charger In-The-Box (Feather Pink, 128 GB)","16,999"
,
,
,
,
,
"OPPO K12x 5G with 45W SUPERVOOC Charger In-The-Box (Feather Pink, 128 GB)","16,999"
,
,
,
,
,
,
,
,
,
,
,
,
,
,
,
,
,
,
,
,
,
,
,
,
,
,
,
,
,
"OPPO K12x 5G with 45W SUPERVOOC Charger In-The-Box (Breeze Blue, 128 GB)","16,999"
"OPPO K12x 5G with 45W SUPERVOOC Charger In-The-Box (Breeze Blue, 128 GB)","16,999"
"OPPO K12x 5G with 45W SUPERVOOC Charger In-The-Box (Breeze Blue, 128 GB)","16,999"
"OPPO K12x 5G with 45W SUPERVOOC Charger In-The-Box (Breeze Blue, 128 GB)","16,999"
,
,
,
,
"OPPO K12x 5G with 45W SUPERVOOC Charger In-The-Box (Breeze Blue, 128 GB)","16,999"
,
,
,
,
,
,
,
,
,
,
,
,
,
,
,
,
,
,
,
,
,
,
,
,
,
,
,
,
,
"OPPO K12x 5G with 45W SUPERVOOC Charger In-The-Box (Midnight Violet, 256 GB)","18,999"
"OPPO K12x 5G with 45W SUPERVOOC Charger In-The-Box (Midnight Violet, 256 GB)","18,999"
"OPPO K12x 5G with 45W SUPERVOOC Charger In-The-Box (Midnight Violet, 256 GB)","18,999"
"OPPO K12x 5G with 45W SUPERVOOC Charger In-The-Box (Midnight Violet, 256 GB)","18,999"
,
,
,
,
,
,
"OPPO K12x 5G with 45W SUPERVOOC Charger In-The-Box (Midnight Violet, 256 GB)","18,999"
,
,
,
,
,
,
,
,
,
,
,
,
,
,
,
,
,
,
,
,
,
,
,
,
,
,
,
,
,
"Motorola Edge 50 Fusion (Marshmallow Blue, 128 GB)","25,999"
"Motorola Edge 50 Fusion (Marshmallow Blue, 128 GB)","25,999"
"Motorola Edge 50 Fusion (Marshmallow Blue, 128 GB)","25,999"
"Motorola Edge 50 Fusion (Marshmallow Blue, 128 GB)","25,999"
,
,
,
,
"Motorola Edge 50 Fusion (Marshmallow Blue, 128 GB)","25,999"
,
,
,
,
,
,
,
,
,
,
,
,
,
,
,
,
,
,
,
,
,
,
,
,
,
,
,
,
,
"OPPO K12x 5G with 45W SUPERVOOC Charger In-The-Box (Breeze Blue, 256 GB)","18,999"
"OPPO K12x 5G with 45W SUPERVOOC Charger In-The-Box (Breeze Blue, 256 GB)","18,999"
"OPPO K12x 5G with 45W SUPERVOOC Charger In-The-Box (Breeze Blue, 256 GB)","18,999"
"OPPO K12x 5G with 45W SUPERVOOC Charger In-The-Box (Breeze Blue, 256 GB)","18,999"
,
,
,
,
,
"OPPO K12x 5G with 45W SUPERVOOC Charger In-The-Box (Breeze Blue, 256 GB)","18,999"
,
,
,
,
,
,
,
,
,
,
,
,
,
,
,
,
,
,
,
,
,
,
,
,
,
,
,
,
,
,
"Motorola g45 5G (Pink Lavender, 128 GB)","14,999"
"Motorola g45 5G (Pink Lavender, 128 GB)","14,999"
"Motorola g45 5G (Pink Lavender, 128 GB)","14,999"
"Motorola g45 5G (Pink Lavender, 128 GB)","14,999"
,
,
,
,
"Motorola g45 5G (Pink Lavender, 128 GB)","14,999"
,
,
,
,
,
,
,
,
,
,
,
,
,
,
,
,
,
,
,
,
,
,
,
,
,
,
,
,
,
"Motorola Edge 50 Fusion (Marshmallow Blue, 256 GB)","27,999"
"Motorola Edge 50 Fusion (Marshmallow Blue, 256 GB)","27,999"
"Motorola Edge 50 Fusion (Marshmallow Blue, 256 GB)","27,999"
"Motorola Edge 50 Fusion (Marshmallow Blue, 256 GB)","27,999"
,
,
,
,
,
"Motorola Edge 50 Fusion (Marshmallow Blue, 256 GB)","27,999"
,
,
,
,
,
,
,
,
,
,
,
,
,
,
,
,
,
,
,
,
,
,
,
,
,
,
,
,
,
,
,
,
,
,
,
,
,
,
,
,
,
,
,
,
,
,
,
,
,
,
,
,
,
,
,
,
,
,
,
,
,
,
,
,
,
,
,
,
,
,
,
,
,
,
,
,
,
,
,
,
,
,
,
,
,
,
,
,
,
,
,
,
,
,
,
,
,
,
,
,
,
,
,
,
,
,
,
,
,
,
,
,
,
,
,
,
,
,
,
,
,
,
,
,
,
,
,
,
,
,
,
,
,
,
,
,
,
,
,
,
,
,
,
,
,
,
,
,
,
,
,
,
,
,
,
,
,
,
,
,
,
,
,
,
,
,
,
,
,
,
,
